name,address,adname,pname,type,lat,lon
人民广场(地铁站),1号线;2号线;8号线,黄浦区,上海市,交通设施服务;地铁站;地铁站,31.234726100914,121.4706182782431
大世界(地铁站),(在建)14号线;8号线,黄浦区,上海市,交通设施服务;地铁站;地铁站,31.22914139305818,121.47482176222582
新闸路(地铁站),1号线,黄浦区,上海市,交通设施服务;地铁站;地铁站,31.24029683550525,121.46360942293069
黄陂南路(地铁站),(在建)14号线;1号线,黄浦区,上海市,交通设施服务;地铁站;地铁站,31.22468975477896,121.4687821493285
南京东路(地铁站),10号线;2号线,黄浦区,上海市,交通设施服务;地铁站;地铁站,31.24007059757012,121.48014106293132
豫园(地铁站),(在建)14号线;10号线,黄浦区,上海市,交通设施服务;地铁站;地铁站,31.229783659203957,121.48299691960487
淮海中路(地铁站),13号线,黄浦区,上海市,交通设施服务;地铁站;地铁站,31.22220294326987,121.45996289881018
新天地(地铁站),10号线;13号线,黄浦区,上海市,交通设施服务;地铁站;地铁站,31.218319896123607,121.47066483504655
老西门(地铁站),10号线;8号线,黄浦区,上海市,交通设施服务;地铁站;地铁站,31.220990024817432,121.4793047904335
马当路(地铁站),13号线;9号线,黄浦区,上海市,交通设施服务;地铁站;地铁站,31.211481921643607,121.47274630710379
陆家浜路(地铁站),8号线;9号线,黄浦区,上海市,交通设施服务;地铁站;地铁站,31.21377522512137,121.48163551094207
打浦桥(地铁站),9号线,黄浦区,上海市,交通设施服务;地铁站;地铁站,31.20824926120278,121.4641438303624
小南门(地铁站),9号线,黄浦区,上海市,交通设施服务;地铁站;地铁站,31.218886376589207,121.49396194819187
鲁班路(地铁站),4号线,黄浦区,上海市,交通设施服务;地铁站;地铁站,31.201182066558378,121.47063219343913
南浦大桥(地铁站),4号线,黄浦区,上海市,交通设施服务;地铁站;地铁站,31.210532362827728,121.49529445292734
西藏南路(地铁站),4号线;8号线,黄浦区,上海市,交通设施服务;地铁站;地铁站,31.203968099945996,121.48508849146332
世博会博物馆(地铁站),13号线,黄浦区,上海市,交通设施服务;地铁站;地铁站,31.199552004021506,121.47709802548367
上海南站(地铁站),(在建)15号线;1号线;3号线,徐汇区,上海市,交通设施服务;地铁站;地铁站,31.15646871837229,121.42541673931683
徐家汇(地铁站),(规划)25号线;11号线;1号线;9号线,徐汇区,上海市,交通设施服务;地铁站;地铁站,31.197216387322985,121.43222043455725
陕西南路(地铁站),10号线;12号线;1号线,徐汇区,上海市,交通设施服务;地铁站;地铁站,31.21706142441198,121.45417667330456
常熟路(地铁站),1号线;7号线,徐汇区,上海市,交通设施服务;地铁站;地铁站,31.215415340697778,121.4445488892849
嘉善路(地铁站),12号线;9号线,徐汇区,上海市,交通设施服务;地铁站;地铁站,31.204741982075607,121.45614326566601
古宜路(地铁站),(规划)25号线,徐汇区,上海市,交通设施服务;地铁站;地铁站,31.18878161033534,121.42234664313597
上海图书馆(地铁站),10号线,徐汇区,上海市,交通设施服务;地铁站;地铁站,31.20984485340492,121.4397604280011
衡山路(地铁站),1号线,徐汇区,上海市,交通设施服务;地铁站;地铁站,31.20641835571629,121.44182631987346
肇嘉浜路(地铁站),7号线;9号线,徐汇区,上海市,交通设施服务;地铁站;地铁站,31.201336314416558,121.44562369890977
大木桥路(地铁站),12号线;4号线,徐汇区,上海市,交通设施服务;地铁站;地铁站,31.195989525466587,121.45872548941054
龙水南路(地铁站),(规划)23号线,徐汇区,上海市,交通设施服务;地铁站;地铁站,31.156222687307025,121.45235591368382
交通大学(地铁站),10号线;11号线,徐汇区,上海市,交通设施服务;地铁站;地铁站,31.204085661462855,121.43063301241028
东安路(地铁站),4号线;7号线,徐汇区,上海市,交通设施服务;地铁站;地铁站,31.19273351882816,121.4503213433709
龙华中路(地铁站),12号线;7号线,徐汇区,上海市,交通设施服务;地铁站;地铁站,31.18576583413405,121.45248472199681
龙瑞路(地铁站),(规划)23号线,徐汇区,上海市,交通设施服务;地铁站;地铁站,31.141299238978892,121.44716267097786
上海体育场(地铁站),(规划)23号线;4号线,徐汇区,上海市,交通设施服务;地铁站;地铁站,31.187499322858535,121.43892656019483
上海体育馆(地铁站),1号线;4号线,徐汇区,上海市,交通设施服务;地铁站;地铁站,31.184698516252592,121.43280859731067
上海游泳馆(地铁站),11号线,徐汇区,上海市,交通设施服务;地铁站;地铁站,31.181016893618622,121.43681771339246
宜山路(地铁站),3号线;4号线;9号线,徐汇区,上海市,交通设施服务;地铁站;地铁站,31.18858694638816,121.42256294667118
华泾(地铁站),(规划)19号线;(规划)23号线,徐汇区,上海市,交通设施服务;地铁站;地铁站,31.12630905666068,121.45209979167801
龙华(地铁站),11号线;12号线,徐汇区,上海市,交通设施服务;地铁站;地铁站,31.174591433737803,121.44837887533217
漕溪路(地铁站),3号线,徐汇区,上海市,交通设施服务;地铁站;地铁站,31.17863612527698,121.43379797441787
云锦路(地铁站),11号线,徐汇区,上海市,交通设施服务;地铁站;地铁站,31.168423022906975,121.45395524324512
龙漕路(地铁站),(规划)23号线;12号线;3号线,徐汇区,上海市,交通设施服务;地铁站;地铁站,31.17136204383787,121.43978380467782
关港(地铁站),(规划)23号线,徐汇区,上海市,交通设施服务;地铁站;地铁站,31.108426229148925,121.44956562025813
漕宝路(地铁站),12号线;1号线,徐汇区,上海市,交通设施服务;地铁站;地铁站,31.170230622682332,121.42852238175367
龙耀路(地铁站),11号线,徐汇区,上海市,交通设施服务;地铁站;地铁站,31.16166129289096,121.45514213499237
桂林路(地铁站),(在建)15号线;9号线,徐汇区,上海市,交通设施服务;地铁站;地铁站,31.176658673826825,121.4134240139425
石龙路(地铁站),3号线,徐汇区,上海市,交通设施服务;地铁站;地铁站,31.159856864655346,121.43860426146654
桂林公园(地铁站),(在建)15号线;12号线,徐汇区,上海市,交通设施服务;地铁站;地铁站,31.168858838519263,121.41501611022477
虹漕路(地铁站),12号线,徐汇区,上海市,交通设施服务;地铁站;地铁站,31.16590218130895,121.40590907595343
漕河泾开发区(地铁站),9号线,徐汇区,上海市,交通设施服务;地铁站;地铁站,31.172508766374822,121.39312307676653
虹梅路(地铁站),12号线,徐汇区,上海市,交通设施服务;地铁站;地铁站,31.162220179874904,121.39260509276164
华东理工大学(地铁站),(在建)15号线,徐汇区,上海市,交通设施服务;地铁站;地铁站,31.143906377355624,121.42462166909658
锦江乐园(地铁站),1号线,徐汇区,上海市,交通设施服务;地铁站;地铁站,31.144099189073494,121.40946690120725
罗秀路(地铁站),(在建)15号线,徐汇区,上海市,交通设施服务;地铁站;地铁站,31.1335737994819,121.43125520881141
朱梅路(地铁站),(在建)15号线,徐汇区,上海市,交通设施服务;地铁站;地铁站,31.124418470458735,121.43368344440674
中山公园(地铁站),2号线;3号线;4号线,长宁区,上海市,交通设施服务;地铁站;地铁站,31.219792982328066,121.41112745306205
江苏路(地铁站),11号线;2号线,长宁区,上海市,交通设施服务;地铁站;地铁站,31.222268678702765,121.4260129224977
延安西路(地铁站),3号线;4号线,长宁区,上海市,交通设施服务;地铁站;地铁站,31.21146576493984,121.41241816039519
虹桥路(地铁站),10号线;3号线;4号线,长宁区,上海市,交通设施服务;地铁站;地铁站,31.19938241886686,121.41617457538639
娄山关路(地铁站),(在建)15号线;2号线,长宁区,上海市,交通设施服务;地铁站;地铁站,31.21300228304866,121.39940818266172
宋园路(地铁站),10号线,长宁区,上海市,交通设施服务;地铁站;地铁站,31.19839340344766,121.40743399536926
伊犁路(地铁站),10号线,长宁区,上海市,交通设施服务;地铁站;地铁站,31.20073021763476,121.39925023575623
姚虹路(地铁站),(在建)15号线,长宁区,上海市,交通设施服务;地铁站;地铁站,31.193305817070453,121.40442708650585
红宝石路(地铁站),(在建)15号线,长宁区,上海市,交通设施服务;地铁站;地铁站,31.20156009292427,121.39383340396721
威宁路(地铁站),2号线,长宁区,上海市,交通设施服务;地铁站;地铁站,31.216717313576414,121.38264026778262
水城路(地铁站),10号线,长宁区,上海市,交通设施服务;地铁站;地铁站,31.201334083380324,121.38761254489171
北新泾(地铁站),2号线,长宁区,上海市,交通设施服务;地铁站;地铁站,31.218253309048425,121.36936681823559
龙溪路(地铁站),10号线,长宁区,上海市,交通设施服务;地铁站;地铁站,31.1962628325945,121.37539756834379
淞虹路(地铁站),2号线,长宁区,上海市,交通设施服务;地铁站;地铁站,31.220088671801165,121.35497926256114
上海动物园(地铁站),10号线,长宁区,上海市,交通设施服务;地铁站;地铁站,31.19212410004794,121.36351641211503
虹桥1号航站楼(地铁站),10号线,长宁区,上海市,交通设施服务;地铁站;地铁站,31.193272934386165,121.34278849734669
上海火车站(地铁站),1号线;3号线;4号线,静安区,上海市,交通设施服务;地铁站;地铁站,31.251525690839358,121.45336646527662
自然博物馆(地铁站),13号线,静安区,上海市,交通设施服务;地铁站;地铁站,31.2383611349092,121.45780716292063
曲阜路(地铁站),12号线;8号线,静安区,上海市,交通设施服务;地铁站;地铁站,31.244237999046543,121.46701178207782
南京西路(地铁站),12号线;13号线;2号线,静安区,上海市,交通设施服务;地铁站;地铁站,31.23176040890223,121.455405849722
汉中路(地铁站),12号线;13号线;1号线,静安区,上海市,交通设施服务;地铁站;地铁站,31.243781922273598,121.4541292399457
宝山路(地铁站),3号线;4号线,静安区,上海市,交通设施服务;地铁站;地铁站,31.25346285448621,121.4717815108824
中兴路(地铁站),8号线,静安区,上海市,交通设施服务;地铁站;地铁站,31.25514746464294,121.46448587167522
静安寺(地铁站),(在建)14号线;2号线;7号线,静安区,上海市,交通设施服务;地铁站;地铁站,31.224964123115186,121.4416212517498
昌平路(地铁站),7号线,静安区,上海市,交通设施服务;地铁站;地铁站,31.235618589661957,121.43800845197063
中山北路(地铁站),1号线,静安区,上海市,交通设施服务;地铁站;地铁站,31.260783561308642,121.45463418121695
武定路(地铁站),(在建)14号线,静安区,上海市,交通设施服务;地铁站;地铁站,31.228892675991553,121.43186604689079
西藏北路(地铁站),8号线,静安区,上海市,交通设施服务;地铁站;地铁站,31.265419315189156,121.46422718289107
延长路(地铁站),1号线,静安区,上海市,交通设施服务;地铁站;地铁站,31.273553230469133,121.45074749652143
上海马戏城(地铁站),1号线,静安区,上海市,交通设施服务;地铁站;地铁站,31.281762635692182,121.44743222702704
汶水路(地铁站),1号线,静安区,上海市,交通设施服务;地铁站;地铁站,31.294414796886365,121.44565472815506
彭浦新村(地铁站),1号线,静安区,上海市,交通设施服务;地铁站;地铁站,31.30845402725456,121.44404062844539
共康路(地铁站),1号线,静安区,上海市,交通设施服务;地铁站;地铁站,31.320778261617683,121.4424568586571
桃浦新村(地铁站),11号线,普陀区,上海市,交通设施服务;地铁站;地铁站,31.283467880892797,121.34502803264402
长寿路(地铁站),13号线;7号线,普陀区,上海市,交通设施服务;地铁站;地铁站,31.24271909088111,121.43365415029805
金沙江路(地铁站),13号线;3号线;4号线,普陀区,上海市,交通设施服务;地铁站;地铁站,31.233841002599448,121.40850150464902
江宁路(地铁站),13号线,普陀区,上海市,交通设施服务;地铁站;地铁站,31.246150790557596,121.44022530373388
中潭路(地铁站),3号线;4号线,普陀区,上海市,交通设施服务;地铁站;地铁站,31.256425447966176,121.43638730934714
武宁路(地铁站),(在建)14号线;13号线,普陀区,上海市,交通设施服务;地铁站;地铁站,31.236197028249915,121.42587350275569
镇坪路(地铁站),3号线;4号线;7号线,普陀区,上海市,交通设施服务;地铁站;地铁站,31.24821368526512,121.42514637944153
隆德路(地铁站),11号线;13号线,普陀区,上海市,交通设施服务;地铁站;地铁站,31.232354154288068,121.41893665979005
东新路(地铁站),(在建)14号线,普陀区,上海市,交通设施服务;地铁站;地铁站,31.241812047716163,121.41697369702835
曹杨路(地铁站),11号线;3号线;4号线,普陀区,上海市,交通设施服务;地铁站;地铁站,31.241138321093658,121.41305509488124
岚皋路(地铁站),7号线,普陀区,上海市,交通设施服务;地铁站;地铁站,31.25803009937746,121.4172956218522
中宁路(地铁站),(在建)14号线,普陀区,上海市,交通设施服务;地铁站;地铁站,31.248016418004735,121.40819309073795
枫桥路(地铁站),11号线,普陀区,上海市,交通设施服务;地铁站;地铁站,31.243681740614328,121.40675170168706
新村路(地铁站),7号线,普陀区,上海市,交通设施服务;地铁站;地铁站,31.265781398086446,121.4180387456874
真如(地铁站),(在建)14号线;11号线,普陀区,上海市,交通设施服务;地铁站;地铁站,31.252593463733223,121.40256632432127
长风公园(地铁站),(在建)15号线,普陀区,上海市,交通设施服务;地铁站;地铁站,31.225803969641056,121.39161882352454
梅岭北路(地铁站),(在建)15号线,普陀区,上海市,交通设施服务;地铁站;地铁站,31.246673221397725,121.39233380424608
大渡河路(地铁站),(在建)15号线;13号线,普陀区,上海市,交通设施服务;地铁站;地铁站,31.233587911199308,121.38978077457631
铜川路(地铁站),(在建)14号线;(在建)15号线,普陀区,上海市,交通设施服务;地铁站;地铁站,31.252589481654383,121.3927831761184
上海西站(地铁站),(在建)15号线;11号线,普陀区,上海市,交通设施服务;地铁站;地铁站,31.264513779170173,121.39627161801347
真北路(地铁站),13号线,普陀区,上海市,交通设施服务;地铁站;地铁站,31.234078113925975,121.37730632847045
真光路(地铁站),(在建)14号线,普陀区,上海市,交通设施服务;地铁站;地铁站,31.25516695120253,121.37937656022764
李子园(地铁站),11号线,普陀区,上海市,交通设施服务;地铁站;地铁站,31.270841332576527,121.38531774915555
武威东路(地铁站),(在建)15号线,普陀区,上海市,交通设施服务;地铁站;地铁站,31.278156540959206,121.38674029499705
古浪路(地铁站),(在建)15号线,普陀区,上海市,交通设施服务;地铁站;地铁站,31.284419673916762,121.38733243746222
祁连山南路(地铁站),13号线,普陀区,上海市,交通设施服务;地铁站;地铁站,31.239481661117498,121.36265163123923
祁连山路(地铁站),11号线,普陀区,上海市,交通设施服务;地铁站;地铁站,31.27348128947009,121.37139642700225
祁安路(地铁站),(在建)15号线,普陀区,上海市,交通设施服务;地铁站;地铁站,31.29324342162156,121.38141552516937
武威路(地铁站),11号线,普陀区,上海市,交通设施服务;地铁站;地铁站,31.27848916148842,121.36005540437354
虹口足球场(地铁站),(规划)19号线;3号线;8号线,虹口区,上海市,交通设施服务;地铁站;地铁站,31.27333126374638,121.4746453883526
天潼路(地铁站),10号线;12号线,虹口区,上海市,交通设施服务;地铁站;地铁站,31.245789767163778,121.47797809907334
四川北路(地铁站),10号线,虹口区,上海市,交通设施服务;地铁站;地铁站,31.25399712722613,121.4797184080778
水电路(地铁站),(规划)19号线,虹口区,上海市,交通设施服务;地铁站;地铁站,31.280837400833583,121.46748314956052
国际客运中心(地铁站),12号线,虹口区,上海市,交通设施服务;地铁站;地铁站,31.252164366390595,121.49371825076537
东宝兴路(地铁站),3号线,虹口区,上海市,交通设施服务;地铁站;地铁站,31.261833167308048,121.47569793576906
海伦路(地铁站),10号线;4号线,虹口区,上海市,交通设施服务;地铁站;地铁站,31.261275096449587,121.4842225551404
广粤路(地铁站),(规划)19号线,虹口区,上海市,交通设施服务;地铁站;地铁站,31.2940686760599,121.4623990758459
提篮桥(地铁站),(规划)19号线;12号线,虹口区,上海市,交通设施服务;地铁站;地铁站,31.255546830660453,121.50239218927004
临平路(地铁站),(规划)19号线;4号线,虹口区,上海市,交通设施服务;地铁站;地铁站,31.262881300228486,121.49626451493214
丰镇路(地铁站),(规划)19号线,虹口区,上海市,交通设施服务;地铁站;地铁站,31.306786268437598,121.4630259051562
邮电新村(地铁站),(规划)19号线;10号线,虹口区,上海市,交通设施服务;地铁站;地铁站,31.270517986799877,121.48990700089703
杨树浦路(地铁站),4号线,虹口区,上海市,交通设施服务;地铁站;地铁站,31.25399517148841,121.51283832075102
大连路(地铁站),12号线;4号线,虹口区,上海市,交通设施服务;地铁站;地铁站,31.259983533674333,121.50870130317848
保德路(地铁站),(规划)19号线,虹口区,上海市,交通设施服务;地铁站;地铁站,31.31739223295845,121.46380540166926
曲阳路(地铁站),8号线,虹口区,上海市,交通设施服务;地铁站;地铁站,31.278495993580492,121.48667076593453
四平路(地铁站),10号线;8号线,虹口区,上海市,交通设施服务;地铁站;地铁站,31.276883711002103,121.49705818890894
赤峰路(地铁站),3号线,虹口区,上海市,交通设施服务;地铁站;地铁站,31.283191495768083,121.47793074111402
大柏树(地铁站),3号线,虹口区,上海市,交通设施服务;地铁站;地铁站,31.291376422878315,121.47871976011996
江湾镇(地铁站),3号线,虹口区,上海市,交通设施服务;地铁站;地铁站,31.30750840498379,121.48057280765585
五角场(地铁站),10号线,杨浦区,上海市,交通设施服务;地铁站;地铁站,31.30007637269004,121.51024737404644
鞍山新村(地铁站),8号线,杨浦区,上海市,交通设施服务;地铁站;地铁站,31.27527092513032,121.50528487615026
平凉路(地铁站),(在建)18号线,杨浦区,上海市,交通设施服务;地铁站;地铁站,31.260767426255317,121.5225767724601
江浦公园(地铁站),(在建)18号线;12号线,杨浦区,上海市,交通设施服务;地铁站;地铁站,31.26664304507819,121.51934653733804
丹阳路(地铁站),(在建)18号线,杨浦区,上海市,交通设施服务;地铁站;地铁站,31.255272610402177,121.52739979949165
同济大学(地铁站),10号线,杨浦区,上海市,交通设施服务;地铁站;地铁站,31.284101324296493,121.50194416670773
江浦路(地铁站),(在建)18号线;8号线,杨浦区,上海市,交通设施服务;地铁站;地铁站,31.27699962293132,121.51400944938159
宁国路(地铁站),12号线,杨浦区,上海市,交通设施服务;地铁站;地铁站,31.27066856716505,121.52802949798269
抚顺路(地铁站),(在建)18号线,杨浦区,上海市,交通设施服务;地铁站;地铁站,31.286127873526695,121.51124204180365
国权路(地铁站),(在建)18号线;10号线,杨浦区,上海市,交通设施服务;地铁站;地铁站,31.29129931378409,121.50562373109324
黄兴路(地铁站),8号线,杨浦区,上海市,交通设施服务;地铁站;地铁站,31.28089386359941,121.52406495258442
复旦大学(地铁站),(在建)18号线,杨浦区,上海市,交通设施服务;地铁站;地铁站,31.297566740730346,121.49588319889925
隆昌路(地铁站),12号线,杨浦区,上海市,交通设施服务;地铁站;地铁站,31.27733449813309,121.54040547272956
延吉中路(地铁站),8号线,杨浦区,上海市,交通设施服务;地铁站;地铁站,31.29063587112371,121.53062489639572
政立路(地铁站),(在建)18号线,杨浦区,上海市,交通设施服务;地铁站;地铁站,31.30999059788479,121.49178237523503
江湾体育场(地铁站),10号线,杨浦区,上海市,交通设施服务;地铁站;地铁站,31.306320067395266,121.5089241821704
黄兴公园(地铁站),8号线,杨浦区,上海市,交通设施服务;地铁站;地铁站,31.297475170767346,121.52906148614102
爱国路(地铁站),12号线,杨浦区,上海市,交通设施服务;地铁站;地铁站,31.28192417131564,121.54838871063211
三门路(地铁站),10号线,杨浦区,上海市,交通设施服务;地铁站;地铁站,31.315222933889334,121.50393166105746
翔殷路(地铁站),8号线,杨浦区,上海市,交通设施服务;地铁站;地铁站,31.307080766580675,121.52764724346842
复兴岛(地铁站),12号线,杨浦区,上海市,交通设施服务;地铁站;地铁站,31.28293010281529,121.55706799542835
殷高东路(地铁站),10号线,杨浦区,上海市,交通设施服务;地铁站;地铁站,31.323769131531865,121.50238238217663
嫩江路(地铁站),8号线,杨浦区,上海市,交通设施服务;地铁站;地铁站,31.31687896710988,121.5276263561385
新江湾城(地铁站),(在建)10号线二期;10号线,杨浦区,上海市,交通设施服务;地铁站;地铁站,31.330495132646387,121.5025363651914
市光路(地铁站),8号线,杨浦区,上海市,交通设施服务;地铁站;地铁站,31.324795961649286,121.52760462359466
国帆路(地铁站),(在建)10号线二期,杨浦区,上海市,交通设施服务;地铁站;地铁站,31.34254105770037,121.5090375228378
虹桥火车站(地铁站),10号线;17号线;2号线,闵行区,上海市,交通设施服务;地铁站;地铁站,31.195949086774313,121.31439075236902
古北新城(地铁站),(规划)25号线,闵行区,上海市,交通设施服务;地铁站;地铁站,31.186127410738646,121.39831543992754
虹桥镇(地铁站),(规划)25号线,闵行区,上海市,交通设施服务;地铁站;地铁站,31.178791849286636,121.38130958870505
金汇路(地铁站),(规划)25号线,闵行区,上海市,交通设施服务;地铁站;地铁站,31.176258582073004,121.37158865742497
林浦(地铁站),(规划)19号线,闵行区,上海市,交通设施服务;地铁站;地铁站,31.119121800296586,121.4739030514438
航东路(地铁站),(规划)25号线,闵行区,上海市,交通设施服务;地铁站;地铁站,31.170080047457432,121.35585403289859
吴中路(地铁站),(在建)15号线;(规划)25号线,闵行区,上海市,交通设施服务;地铁站;地铁站,31.188646873626325,121.40881662646844
兴梅路(地铁站),(规划)19号线,闵行区,上海市,交通设施服务;地铁站;地铁站,31.11240309673209,121.42434099497157
沪星路(地铁站),(规划)25号线,闵行区,上海市,交通设施服务;地铁站;地铁站,31.167244008102664,121.32516072443227
沪亭北路(地铁站),(规划)25号线,闵行区,上海市,交通设施服务;地铁站;地铁站,31.17029045816766,121.31679552098299
车沟桥(地铁站),(规划)23号线,闵行区,上海市,交通设施服务;地铁站;地铁站,31.0877774021466,121.454720290358
国展北(地铁站),(规划)25号线,闵行区,上海市,交通设施服务;地铁站;地铁站,31.201176509483282,121.28370475255572
陈家桥(地铁站),(规划)23号线,闵行区,上海市,交通设施服务;地铁站;地铁站,31.068626267171304,121.45641070301926
金丰路(地铁站),(规划)25号线,闵行区,上海市,交通设施服务;地铁站;地铁站,31.21191567780326,121.2741628843981
纪宏路(地铁站),(规划)25号线,闵行区,上海市,交通设施服务;地铁站;地铁站,31.218063895933867,121.27098831784315
联友路(地铁站),(规划)25号线,闵行区,上海市,交通设施服务;地铁站;地铁站,31.223472818612606,121.26821799775881
纪王(地铁站),(规划)25号线,闵行区,上海市,交通设施服务;地铁站;地铁站,31.23034339063186,121.26468098457272
合川路(地铁站),9号线,闵行区,上海市,交通设施服务;地铁站;地铁站,31.168414985544697,121.38013345983076
吴泾(地铁站),(规划)23号线,闵行区,上海市,交通设施服务;地铁站;地铁站,31.04607686073533,121.46309244625189
东兰路(地铁站),12号线,闵行区,上海市,交通设施服务;地铁站;地铁站,31.15769732462829,121.387272514095
龙柏新村(地铁站),(规划)25号线;10号线,闵行区,上海市,交通设施服务;地铁站;地铁站,31.17876383947485,121.36585709027969
广南路(地铁站),(规划)23号线,闵行区,上海市,交通设施服务;地铁站;地铁站,31.040177117051233,121.46418632793326
紫东(地铁站),(规划)23号线,闵行区,上海市,交通设施服务;地铁站;地铁站,31.03096702337343,121.46553833666762
紫藤路(地铁站),10号线,闵行区,上海市,交通设施服务;地铁站;地铁站,31.171566932486673,121.3602174324779
顾戴路(地铁站),12号线,闵行区,上海市,交通设施服务;地铁站;地铁站,31.14277222332446,121.38721484126411
芦恒路(地铁站),8号线,闵行区,上海市,交通设施服务;地铁站;地铁站,31.12108384066096,121.49341224029433
星中路(地铁站),9号线,闵行区,上海市,交通设施服务;地铁站;地铁站,31.160002460407313,121.36428403734136
永平路(地铁站),(规划)23号线,闵行区,上海市,交通设施服务;地铁站;地铁站,31.019274986303802,121.42653327329839
莲花路(地铁站),1号线,闵行区,上海市,交通设施服务;地铁站;地铁站,31.13278518934359,121.39826707618425
航中路(地铁站),10号线,闵行区,上海市,交通设施服务;地铁站;地铁站,31.167326503964386,121.35073974106318
华泾西(地铁站),(在建)15号线;(规划)19号线,闵行区,上海市,交通设施服务;地铁站;地铁站,31.114109656134218,121.4358675754921
虹莘路(地铁站),12号线,闵行区,上海市,交通设施服务;地铁站;地铁站,31.13933985150158,121.37571618091513
外环路(地铁站),1号线,闵行区,上海市,交通设施服务;地铁站;地铁站,31.122791491532816,121.38838001028451
七宝(地铁站),9号线,闵行区,上海市,交通设施服务;地铁站;地铁站,31.157212061541678,121.34463777321793
虹梅南路(地铁站),(在建)15号线,闵行区,上海市,交通设施服务;地铁站;地铁站,31.105380251064854,121.42697452315451
七莘路(地铁站),12号线,闵行区,上海市,交通设施服务;地铁站;地铁站,31.133554294576122,121.35785769329556
浦江镇(地铁站),8号线,闵行区,上海市,交通设施服务;地铁站;地铁站,31.098696533861695,121.50187454947682
景西路(地铁站),(在建)15号线,闵行区,上海市,交通设施服务;地铁站;地铁站,31.102000312573825,121.41578564244199
中春路(地铁站),9号线,闵行区,上海市,交通设施服务;地铁站;地铁站,31.151364080318796,121.3331420522618
莘庄(地铁站),1号线;5号线,闵行区,上海市,交通设施服务;地铁站;地铁站,31.113054077432178,121.38073876324131
曙建路(地铁站),(在建)15号线,闵行区,上海市,交通设施服务;地铁站;地铁站,31.093720549885017,121.41254348328788
江月路(地铁站),8号线,闵行区,上海市,交通设施服务;地铁站;地铁站,31.08637340812985,121.5042149585076
春申路(地铁站),5号线,闵行区,上海市,交通设施服务;地铁站;地铁站,31.100158906066834,121.3811845201971
双柏路(地铁站),(在建)15号线,闵行区,上海市,交通设施服务;地铁站;地铁站,31.08606695488808,121.41665488798927
银都路(地铁站),5号线,闵行区,上海市,交通设施服务;地铁站;地铁站,31.091256203401194,121.38562819267375
联航路(地铁站),8号线,闵行区,上海市,交通设施服务;地铁站;地铁站,31.075699368225454,121.50621397469868
沈杜公路(地铁站),8号线;浦江线,闵行区,上海市,交通设施服务;地铁站;地铁站,31.063571253328302,121.50789896436551
元江路(地铁站),(在建)15号线,闵行区,上海市,交通设施服务;地铁站;地铁站,31.062829780843497,121.42811700801931
颛桥(地铁站),5号线,闵行区,上海市,交通设施服务;地铁站;地铁站,31.068933698520727,121.39723059826126
三鲁公路(地铁站),浦江线,闵行区,上海市,交通设施服务;地铁站;地铁站,31.05829820823302,121.52306829174586
闵瑞路(地铁站),浦江线,闵行区,上海市,交通设施服务;地铁站;地铁站,31.05015873648527,121.52601248802115
北桥(地铁站),5号线,闵行区,上海市,交通设施服务;地铁站;地铁站,31.047046591241365,121.40542017314624
永德路(地铁站),(在建)15号线,闵行区,上海市,交通设施服务;地铁站;地铁站,31.041015060594813,121.43874981032464
浦航路(地铁站),浦江线,闵行区,上海市,交通设施服务;地铁站;地铁站,31.043200473885985,121.52628192589144
东城一路(地铁站),浦江线,闵行区,上海市,交通设施服务;地铁站;地铁站,31.03260756095104,121.52778958011852
紫竹高新区(地铁站),(在建)15号线;(规划)23号线,闵行区,上海市,交通设施服务;地铁站;地铁站,31.02566982448285,121.44643479534092
剑川路(地铁站),5号线,闵行区,上海市,交通设施服务;地铁站;地铁站,31.028431615056487,121.41195366978607
汇臻路(地铁站),浦江线,闵行区,上海市,交通设施服务;地铁站;地铁站,31.027445381969503,121.52023048506078
东川路(地铁站),(规划)23号线;5号线,闵行区,上海市,交通设施服务;地铁站;地铁站,31.02015282236318,121.41527623258139
金平路(地铁站),5号线,闵行区,上海市,交通设施服务;地铁站;地铁站,31.013236377291282,121.40555515492032
江川路(地铁站),5号线,闵行区,上海市,交通设施服务;地铁站;地铁站,31.0073944160585,121.4188540537175
华宁路(地铁站),5号线,闵行区,上海市,交通设施服务;地铁站;地铁站,31.009423369583747,121.39062393297041
文井路(地铁站),5号线,闵行区,上海市,交通设施服务;地铁站;地铁站,31.00556434562284,121.37615431511902
闵行开发区(地铁站),5号线,闵行区,上海市,交通设施服务;地铁站;地铁站,31.002607958302836,121.36510543630116
虹桥2号航站楼(地铁站),10号线;2号线,闵行区,上海市,交通设施服务;地铁站;地铁站,31.1961589295248,121.32176398844636
顾村公园(地铁站),(在建)15号线;7号线,宝山区,上海市,交通设施服务;地铁站;地铁站,31.34640062938405,121.36836796884266
美兰湖(地铁站),7号线,宝山区,上海市,交通设施服务;地铁站;地铁站,31.403771704100322,121.34535988047588
江杨南路(地铁站),(规划)19号线,宝山区,上海市,交通设施服务;地铁站;地铁站,31.3280792377793,121.46301604091104
大华三路(地铁站),7号线,宝山区,上海市,交通设施服务;地铁站;地铁站,31.27587235138815,121.4183051600814
淞南(地铁站),(规划)19号线,宝山区,上海市,交通设施服务;地铁站;地铁站,31.34327704886473,121.46074280914142
行知路(地铁站),7号线,宝山区,上海市,交通设施服务;地铁站;地铁站,31.286761541814748,121.41684664927415
大场镇(地铁站),7号线,宝山区,上海市,交通设施服务;地铁站;地铁站,31.29513246753332,121.41189646057727
吴淞(地铁站),(规划)19号线,宝山区,上海市,交通设施服务;地铁站;地铁站,31.37546092690847,121.45850537763538
场中路(地铁站),7号线,宝山区,上海市,交通设施服务;地铁站;地铁站,31.305491736143452,121.40900655705418
八字桥(地铁站),(规划)19号线,宝山区,上海市,交通设施服务;地铁站;地铁站,31.391813814895045,121.44887937414623
殷高西路(地铁站),3号线,宝山区,上海市,交通设施服务;地铁站;地铁站,31.32194132502462,121.48036284271653
殷高路(地铁站),(在建)18号线,宝山区,上海市,交通设施服务;地铁站;地铁站,31.32260785891166,121.49112092484894
上大路(地铁站),7号线,宝山区,上海市,交通设施服务;地铁站;地铁站,31.316871399720334,121.40392212725101
长江南路(地铁站),(在建)18号线;(规划)18号线;3号线,宝山区,上海市,交通设施服务;地铁站;地铁站,31.334013461989567,121.48701124624783
康宁路(地铁站),(规划)18号线,宝山区,上海市,交通设施服务;地铁站;地铁站,31.329050684234158,121.42332475468008
通河新村(地铁站),(规划)18号线;1号线,宝山区,上海市,交通设施服务;地铁站;地铁站,31.332957750076226,121.43692676174385
南大路(地铁站),(在建)15号线,宝山区,上海市,交通设施服务;地铁站;地铁站,31.301176783261052,121.37570209915572
爱辉路(地铁站),(规划)18号线,宝山区,上海市,交通设施服务;地铁站;地铁站,31.337911487016903,121.44810105690048
通南路(地铁站),(规划)18号线,宝山区,上海市,交通设施服务;地铁站;地铁站,31.341546105102044,121.47329600436653
江杨南路(地铁站),(规划)18号线,宝山区,上海市,交通设施服务;地铁站;地铁站,31.342597411368292,121.46039482264091
丰翔路(地铁站),(在建)15号线,宝山区,上海市,交通设施服务;地铁站;地铁站,31.31014670946572,121.37636263199421
南陈路(地铁站),7号线,宝山区,上海市,交通设施服务;地铁站;地铁站,31.323234446159216,121.39420371673528
呼兰路(地铁站),1号线,宝山区,上海市,交通设施服务;地铁站;地铁站,31.341521437382593,121.43308349209791
上海大学(地铁站),7号线,宝山区,上海市,交通设施服务;地铁站;地铁站,31.32238739445389,121.38422893369534
淞发路(地铁站),3号线,宝山区,上海市,交通设施服务;地铁站;地铁站,31.347108586525714,121.49595023236832
锦秋路(地铁站),(在建)15号线,宝山区,上海市,交通设施服务;地铁站;地铁站,31.32097600397929,121.37707197266636
祁华路(地铁站),7号线,宝山区,上海市,交通设施服务;地铁站;地铁站,31.32412892091671,121.36892916327542
共富新村(地铁站),1号线,宝山区,上海市,交通设施服务;地铁站;地铁站,31.356889796122434,121.42942766216802
张华浜(地铁站),3号线,宝山区,上海市,交通设施服务;地铁站;地铁站,31.359980097957298,121.49422391181244
淞滨路(地铁站),3号线,宝山区,上海市,交通设施服务;地铁站;地铁站,31.37287041256501,121.48834870345671
宝安公路(地铁站),1号线,宝山区,上海市,交通设施服务;地铁站;地铁站,31.371353907619213,121.42627233460418
水产路(地铁站),3号线,宝山区,上海市,交通设施服务;地铁站;地铁站,31.383227661402028,121.48376051093192
友谊西路(地铁站),1号线,宝山区,上海市,交通设施服务;地铁站;地铁站,31.383087725284675,121.42330601044078
刘行(地铁站),7号线,宝山区,上海市,交通设施服务;地铁站;地铁站,31.359402202583667,121.35775023779259
宝杨路(地铁站),3号线,宝山区,上海市,交通设施服务;地铁站;地铁站,31.39721144318186,121.47505615297335
富锦路(地铁站),1号线,宝山区,上海市,交通设施服务;地铁站;地铁站,31.394044982528445,121.42000880875449
潘广路(地铁站),7号线,宝山区,上海市,交通设施服务;地铁站;地铁站,31.36600611949883,121.35123053411125
友谊路(地铁站),3号线,宝山区,上海市,交通设施服务;地铁站;地铁站,31.40589979350743,121.47139313619594
铁力路(地铁站),3号线,宝山区,上海市,交通设施服务;地铁站;地铁站,31.409964259065028,121.45656174855202
江杨北路(地铁站),3号线,宝山区,上海市,交通设施服务;地铁站;地铁站,31.409658761827806,121.43518959096878
罗南新村(地铁站),7号线,宝山区,上海市,交通设施服务;地铁站;地铁站,31.39064498732771,121.35285032152808
嘉定北(地铁站),11号线,嘉定区,上海市,交通设施服务;地铁站;地铁站,31.393507685768775,121.23290851036376
安亭(地铁站),11号线,嘉定区,上海市,交通设施服务;地铁站;地铁站,31.290375738920673,121.15743582628726
真新新村(地铁站),(在建)14号线,嘉定区,上海市,交通设施服务;地铁站;地铁站,31.256899006379566,121.36903788580263
陈翔公路(地铁站),11号线,嘉定区,上海市,交通设施服务;地铁站;地铁站,31.308507481467668,121.3022206816616
曹安公路(地铁站),(在建)14号线,嘉定区,上海市,交通设施服务;地铁站;地铁站,31.257960637894346,121.35614089302338
丰庄(地铁站),13号线,嘉定区,上海市,交通设施服务;地铁站;地铁站,31.24442545551704,121.35053844350625
嘉怡路(地铁站),(在建)14号线,嘉定区,上海市,交通设施服务;地铁站;地铁站,31.26084993873545,121.34192546105622
金沙江西路(地铁站),13号线,嘉定区,上海市,交通设施服务;地铁站;地铁站,31.243060812878287,121.33059585441725
临洮路(地铁站),(在建)14号线,嘉定区,上海市,交通设施服务;地铁站;地铁站,31.265022982403814,121.32647131133277
金运路(地铁站),13号线,嘉定区,上海市,交通设施服务;地铁站;地铁站,31.242925094158092,121.3147838310411
金园五路(地铁站),(在建)14号线,嘉定区,上海市,交通设施服务;地铁站;地铁站,31.267291575018856,121.30930596135875
南翔(地铁站),11号线,嘉定区,上海市,交通设施服务;地铁站;地铁站,31.298860057697336,121.31860335151703
封浜(地铁站),(在建)14号线,嘉定区,上海市,交通设施服务;地铁站;地铁站,31.269462365003687,121.29254534979535
马陆(地铁站),11号线,嘉定区,上海市,交通设施服务;地铁站;地铁站,31.321646420148824,121.27245372270833
嘉定新城(地铁站),11号线,嘉定区,上海市,交通设施服务;地铁站;地铁站,31.332043033846222,121.24985867762634
白银路(地铁站),11号线,嘉定区,上海市,交通设施服务;地铁站;地铁站,31.34733473738238,121.24091443383986
上海赛车场(地铁站),11号线,嘉定区,上海市,交通设施服务;地铁站;地铁站,31.33386850048262,121.22165424369705
昌吉东路(地铁站),11号线,嘉定区,上海市,交通设施服务;地铁站;地铁站,31.295572958912057,121.19590951661681
嘉定西(地铁站),11号线,嘉定区,上海市,交通设施服务;地铁站;地铁站,31.37906396771883,121.2234088796786
上海汽车城(地铁站),11号线,嘉定区,上海市,交通设施服务;地铁站;地铁站,31.28732512736465,121.17623121520654
龙阳路(地铁站),(在建)18号线;16号线;2号线;7号线;磁悬浮,浦东新区,上海市,交通设施服务;地铁站;地铁站,31.20575473979349,121.55338559166833
潍坊路(地铁站),(规划)19号线,浦东新区,上海市,交通设施服务;地铁站;地铁站,31.22528121062284,121.51352110622278
南码头路(地铁站),(规划)19号线,浦东新区,上海市,交通设施服务;地铁站;地铁站,31.195161980162016,121.50268834770101
陆家嘴(地铁站),(在建)14号线;2号线,浦东新区,上海市,交通设施服务;地铁站;地铁站,31.240217083326343,121.49783810465192
浦东南路(地铁站),(在建)14号线;(规划)19号线,浦东新区,上海市,交通设施服务;地铁站;地铁站,31.2404355263697,121.50743446445632
东昌路(地铁站),2号线,浦东新区,上海市,交通设施服务;地铁站;地铁站,31.23533379661081,121.5111801017512
商城路(地铁站),(规划)19号线;9号线,浦东新区,上海市,交通设施服务;地铁站;地铁站,31.232325271841102,121.51190187914398
浦东大道(地铁站),(在建)14号线;4号线,浦东新区,上海市,交通设施服务;地铁站;地铁站,31.242045766344948,121.51502188375572
前滩(地铁站),(规划)19号线,浦东新区,上海市,交通设施服务;地铁站;地铁站,31.158104783062306,121.47132816298016
塘桥(地铁站),(规划)19号线;4号线,浦东新区,上海市,交通设施服务;地铁站;地铁站,31.21184589187018,121.51432702358451
前滩南(地铁站),(规划)19号线,浦东新区,上海市,交通设施服务;地铁站;地铁站,31.149361824759517,121.47112925336951
世纪大道(地铁站),2号线;4号线;6号线;9号线,浦东新区,上海市,交通设施服务;地铁站;地铁站,31.230780725008,121.52287727150022
源深路(地铁站),(在建)14号线,浦东新区,上海市,交通设施服务;地铁站;地铁站,31.24317663825359,121.5257254765409
中华艺术宫(地铁站),(规划)19号线;8号线,浦东新区,上海市,交通设施服务;地铁站;地铁站,31.187263479497293,121.48917545002858
世博大道(地铁站),(规划)19号线;13号线,浦东新区,上海市,交通设施服务;地铁站;地铁站,31.184784199274134,121.47982969212912
蓝村路(地铁站),4号线;6号线,浦东新区,上海市,交通设施服务;地铁站;地铁站,31.213779860320134,121.52329405927132
源深体育中心(地铁站),6号线,浦东新区,上海市,交通设施服务;地铁站;地铁站,31.23512017263025,121.53032962929875
临沂新村(地铁站),6号线,浦东新区,上海市,交通设施服务;地铁站;地铁站,31.19528822100013,121.51232647238133
云台路(地铁站),7号线,浦东新区,上海市,交通设施服务;地铁站;地铁站,31.18425545385275,121.49601326359709
高科西路(地铁站),6号线;7号线,浦东新区,上海市,交通设施服务;地铁站;地铁站,31.187830830554496,121.50545284783996
耀华路(地铁站),7号线;8号线,浦东新区,上海市,交通设施服务;地铁站;地铁站,31.180540794899464,121.49015853718767
长清路(地铁站),13号线;7号线,浦东新区,上海市,交通设施服务;地铁站;地铁站,31.17646154489886,121.48330453559959
昌邑路(地铁站),(在建)14号线;(在建)18号线,浦东新区,上海市,交通设施服务;地铁站;地铁站,31.24635095754906,121.53645595714572
后滩(地铁站),(规划)19号线;7号线,浦东新区,上海市,交通设施服务;地铁站;地铁站,31.17388890632661,121.46923797316931
民生路(地铁站),(在建)18号线;6号线,浦东新区,上海市,交通设施服务;地铁站;地铁站,31.23798714602487,121.53924053652072
上海科技馆(地铁站),2号线,浦东新区,上海市,交通设施服务;地铁站;地铁站,31.220966110924714,121.54015648470597
杨高南路(地铁站),7号线,浦东新区,上海市,交通设施服务;地铁站;地铁站,31.189678728545054,121.52074767394257
成山路(地铁站),13号线;8号线,浦东新区,上海市,交通设施服务;地铁站;地铁站,31.172548026531384,121.49188640970023
杨高中路(地铁站),(在建)18号线;9号线,浦东新区,上海市,交通设施服务;地铁站;地铁站,31.229661150566912,121.54439205346748
东明路(地铁站),13号线;6号线,浦东新区,上海市,交通设施服务;地铁站;地铁站,31.174725486474657,121.506480608899
迎春路(地铁站),(在建)18号线,浦东新区,上海市,交通设施服务;地铁站;地铁站,31.222375959418144,121.54704837911684
北洋泾路(地铁站),6号线,浦东新区,上海市,交通设施服务;地铁站;地铁站,31.241298169988717,121.5480502668808
歇浦路(地铁站),(在建)14号线,浦东新区,上海市,交通设施服务;地铁站;地铁站,31.25256295729045,121.54695463838263
世纪公园(地铁站),2号线,浦东新区,上海市,交通设施服务;地铁站;地铁站,31.211585292357135,121.54664427142932
华鹏路(地铁站),13号线,浦东新区,上海市,交通设施服务;地铁站;地铁站,31.178398454868436,121.5222335373582
锦绣路(地铁站),7号线,浦东新区,上海市,交通设施服务;地铁站;地铁站,31.1897431711628,121.535748627406
杨思(地铁站),8号线,浦东新区,上海市,交通设施服务;地铁站;地铁站,31.163087259694247,121.48899384964048
芳甸路(地铁站),9号线,浦东新区,上海市,交通设施服务;地铁站;地铁站,31.234012734424624,121.55418198881739
芳华路(地铁站),7号线,浦东新区,上海市,交通设施服务;地铁站;地铁站,31.19528064307204,121.54584963182789
龙居路(地铁站),(在建)14号线,浦东新区,上海市,交通设施服务;地铁站;地铁站,31.259122531013674,121.55422700266315
下南路(地铁站),13号线,浦东新区,上海市,交通设施服务;地铁站;地铁站,31.1814506857316,121.5358977498867
东方体育中心(地铁站),11号线;6号线;8号线,浦东新区,上海市,交通设施服务;地铁站;地铁站,31.155364767702004,121.47580939927485
德平路(地铁站),6号线,浦东新区,上海市,交通设施服务;地铁站;地铁站,31.247570849881125,121.55999869516515
花木路(地铁站),7号线,浦东新区,上海市,交通设施服务;地铁站;地铁站,31.21339647548912,121.55851565978246
高青路(地铁站),6号线,浦东新区,上海市,交通设施服务;地铁站;地铁站,31.162007471655667,121.51141809449166
芳芯路(地铁站),(在建)18号线,浦东新区,上海市,交通设施服务;地铁站;地铁站,31.19411599182634,121.55486777075897
灵岩南路(地铁站),6号线,浦东新区,上海市,交通设施服务;地铁站;地铁站,31.150710282854657,121.49085355238782
北蔡(地铁站),13号线,浦东新区,上海市,交通设施服务;地铁站;地铁站,31.182311924222184,121.54775744833427
唐镇(地铁站),2号线,浦东新区,上海市,交通设施服务;地铁站;地铁站,31.21625460106627,121.65201013642965
云山路(地铁站),(在建)14号线;6号线,浦东新区,上海市,交通设施服务;地铁站;地铁站,31.25259268259561,121.56855074358788
上南路(地铁站),6号线,浦东新区,上海市,交通设施服务;地铁站;地铁站,31.151107694055565,121.5017486896387
北中路(地铁站),(在建)18号线,浦东新区,上海市,交通设施服务;地铁站;地铁站,31.186090000610807,121.55669125333561
华夏西路(地铁站),6号线,浦东新区,上海市,交通设施服务;地铁站;地铁站,31.1519800812844,121.51016654907669
蓝天路(地铁站),(在建)14号线;9号线,浦东新区,上海市,交通设施服务;地铁站;地铁站,31.243206074794493,121.57376155333058
凌兆新村(地铁站),8号线,浦东新区,上海市,交通设施服务;地铁站;地铁站,31.14333338270586,121.48520203964678
陈春路(地铁站),13号线,浦东新区,上海市,交通设施服务;地铁站;地铁站,31.17695020191434,121.55346214597557
创新中路(地铁站),2号线,浦东新区,上海市,交通设施服务;地铁站;地铁站,31.215985817483332,121.66942068342195
三林(地铁站),11号线,浦东新区,上海市,交通设施服务;地铁站;地铁站,31.145268978286303,121.50721168027734
三林东(地铁站),11号线,浦东新区,上海市,交通设施服务;地铁站;地铁站,31.148587077092003,121.51865610322987
金桥路(地铁站),6号线,浦东新区,上海市,交通设施服务;地铁站;地铁站,31.25926897638381,121.57760352625841
华夏东路(地铁站),2号线,浦东新区,上海市,交通设施服务;地铁站;地铁站,31.198684395117994,121.6766671492332
浦三路(地铁站),11号线,浦东新区,上海市,交通设施服务;地铁站;地铁站,31.15302852693676,121.53471265650327
黄杨路(地铁站),(在建)14号线,浦东新区,上海市,交通设施服务;地铁站;地铁站,31.236498777966354,121.58677761777585
莲溪路(地铁站),(在建)18号线;13号线,浦东新区,上海市,交通设施服务;地铁站;地铁站,31.171320734164436,121.56218604228364
博兴路(地铁站),6号线,浦东新区,上海市,交通设施服务;地铁站;地铁站,31.265705096875998,121.58247936347094
张江高科(地铁站),2号线,浦东新区,上海市,交通设施服务;地铁站;地铁站,31.204045924923996,121.58348320747515
东陆路(地铁站),12号线,浦东新区,上海市,交通设施服务;地铁站;地铁站,31.284705106248172,121.57490547785201
川沙(地铁站),2号线,浦东新区,上海市,交通设施服务;地铁站;地铁站,31.188824509230233,121.69387528751892
五莲路(地铁站),6号线,浦东新区,上海市,交通设施服务;地铁站;地铁站,31.274207012564112,121.58365653176469
台儿庄路(地铁站),9号线,浦东新区,上海市,交通设施服务;地铁站;地铁站,31.25501741481125,121.59325458399802
红枫路(地铁站),(在建)14号线,浦东新区,上海市,交通设施服务;地铁站;地铁站,31.23921740230208,121.59562627617991
华夏中路(地铁站),13号线;16号线,浦东新区,上海市,交通设施服务;地铁站;地铁站,31.177983399692,121.57890352619486
巨峰路(地铁站),12号线;6号线,浦东新区,上海市,交通设施服务;地铁站;地铁站,31.282862605947045,121.58415516311227
御桥(地铁站),(在建)18号线;11号线,浦东新区,上海市,交通设施服务;地铁站;地铁站,31.16035321382739,121.56669453509595
金科路(地铁站),2号线,浦东新区,上海市,交通设施服务;地铁站;地铁站,31.206427541808903,121.59779009413043
东靖路(地铁站),6号线,浦东新区,上海市,交通设施服务;地铁站;地铁站,31.29285867371579,121.58452558552058
凌空路(地铁站),2号线,浦东新区,上海市,交通设施服务;地铁站;地铁站,31.194906965578692,121.71972771496277
杨高北路(地铁站),12号线,浦东新区,上海市,交通设施服务;地铁站;地铁站,31.28227212959659,121.59875479586084
金桥(地铁站),9号线,浦东新区,上海市,交通设施服务;地铁站;地铁站,31.26303487591352,121.60713028888813
金港路(地铁站),(在建)14号线,浦东新区,上海市,交通设施服务;地铁站;地铁站,31.243659396090866,121.6103432258109
五洲大道(地铁站),6号线,浦东新区,上海市,交通设施服务;地铁站;地铁站,31.304739142298033,121.58500091203457
中科路(地铁站),13号线,浦东新区,上海市,交通设施服务;地铁站;地铁站,31.181089008386234,121.59826817875394
沪南公路(地铁站),(在建)18号线,浦东新区,上海市,交通设施服务;地铁站;地铁站,31.136791159136248,121.56313457171272
远东大道(地铁站),2号线,浦东新区,上海市,交通设施服务;地铁站;地铁站,31.201415361817297,121.75092910568725
洲海路(地铁站),6号线,浦东新区,上海市,交通设施服务;地铁站;地铁站,31.314395490150865,121.58518422852185
广兰路(地铁站),2号线,浦东新区,上海市,交通设施服务;地铁站;地铁站,31.213250169722883,121.61686397824626
罗山路(地铁站),11号线;16号线,浦东新区,上海市,交通设施服务;地铁站;地铁站,31.1554992644919,121.5889553798175
学林路(地铁站),13号线,浦东新区,上海市,交通设施服务;地铁站;地铁站,31.18569523487408,121.61016212617747
金京路(地铁站),12号线,浦东新区,上海市,交通设施服务;地铁站;地铁站,31.28199709915158,121.6112674841887
金粤路(地铁站),(在建)14号线,浦东新区,上海市,交通设施服务;地铁站;地铁站,31.24431028040641,121.62380443942108
双江路(地铁站),(在建)10号线二期,浦东新区,上海市,交通设施服务;地铁站;地铁站,31.35606029640958,121.53370573422099
金吉路(地铁站),9号线,浦东新区,上海市,交通设施服务;地铁站;地铁站,31.266476960329857,121.62425907936975
高桥西(地铁站),(在建)10号线二期,浦东新区,上海市,交通设施服务;地铁站;地铁站,31.353757906404585,121.54772811656035
桂桥路(地铁站),(在建)14号线,浦东新区,上海市,交通设施服务;地铁站;地铁站,31.25499267331345,121.63065795878876
申江路(地铁站),12号线,浦东新区,上海市,交通设施服务;地铁站;地铁站,31.28239413356759,121.62264357038345
张江路(地铁站),13号线,浦东新区,上海市,交通设施服务;地铁站;地铁站,31.1913320708995,121.6249674882048
周浦(地铁站),(在建)18号线,浦东新区,上海市,交通设施服务;地铁站;地铁站,31.116199682884496,121.5633937209352
秀沿路(地铁站),11号线,浦东新区,上海市,交通设施服务;地铁站;地铁站,31.140376699571668,121.59419623341077
海天三路(地铁站),2号线,浦东新区,上海市,交通设施服务;地铁站;地铁站,31.17054251897069,121.79256720746369
高桥(地铁站),(在建)10号线二期,浦东新区,上海市,交通设施服务;地铁站;地铁站,31.354832890888602,121.5601430605118
金海路(地铁站),12号线;9号线,浦东新区,上海市,交通设施服务;地铁站;地铁站,31.26529579397912,121.63439577783423
航津路(地铁站),6号线,浦东新区,上海市,交通设施服务;地铁站;地铁站,31.33753020203205,121.58976266753312
港城路(地铁站),(在建)10号线二期;6号线,浦东新区,上海市,交通设施服务;地铁站;地铁站,31.355146742401693,121.57052206032967
繁荣路(地铁站),(在建)18号线,浦东新区,上海市,交通设施服务;地铁站;地铁站,31.104635873134917,121.56639265255059
基隆路(地铁站),(在建)10号线二期,浦东新区,上海市,交通设施服务;地铁站;地铁站,31.352868169695487,121.58659187636502
康新公路(地铁站),11号线,浦东新区,上海市,交通设施服务;地铁站;地铁站,31.13268374567695,121.61300067517438
顾唐路(地铁站),9号线,浦东新区,上海市,交通设施服务;地铁站;地铁站,31.26819769778674,121.6522014431196
沈梅路(地铁站),(在建)18号线,浦东新区,上海市,交通设施服务;地铁站;地铁站,31.094011946058206,121.57549389249199
周浦东(地铁站),16号线,浦东新区,上海市,交通设施服务;地铁站;地铁站,31.112300097298263,121.60270325692602
民雷路(地铁站),9号线,浦东新区,上海市,交通设施服务;地铁站;地铁站,31.270435882694652,121.6638390029702
曹路(地铁站),9号线,浦东新区,上海市,交通设施服务;地铁站;地铁站,31.27334325756766,121.67873096161955
下盐路(地铁站),(在建)18号线,浦东新区,上海市,交通设施服务;地铁站;地铁站,31.073263894158757,121.5818967735269
迪士尼(地铁站),11号线,浦东新区,上海市,交通设施服务;地铁站;地铁站,31.14342555774616,121.66368393247842
鹤沙航城(地铁站),16号线,浦东新区,上海市,交通设施服务;地铁站;地铁站,31.080075007529974,121.60704842803473
鹤立西路(地铁站),(在建)18号线,浦东新区,上海市,交通设施服务;地铁站;地铁站,31.057496193180985,121.58469610782167
航头东(地铁站),16号线,浦东新区,上海市,交通设施服务;地铁站;地铁站,31.057205719006078,121.6133016792025
航头(地铁站),(在建)18号线,浦东新区,上海市,交通设施服务;地铁站;地铁站,31.035922388101817,121.59324163068851
新场(地铁站),16号线,浦东新区,上海市,交通设施服务;地铁站;地铁站,31.047811739719258,121.6447481567145
浦电路(6号线)(地铁站),6号线,浦东新区,上海市,交通设施服务;地铁站;地铁站,31.222211859042204,121.52479322797231
野生动物园(地铁站),16号线,浦东新区,上海市,交通设施服务;地铁站;地铁站,31.052481001380368,121.69489310510085
浦电路(4号线)(地铁站),4号线,浦东新区,上海市,交通设施服务;地铁站;地铁站,31.224399602306455,121.52776051988849
浦东国际机场(地铁站),2号线;磁悬浮,浦东新区,上海市,交通设施服务;地铁站;地铁站,31.151704780733617,121.80214825861341
惠南(地铁站),16号线,浦东新区,上海市,交通设施服务;地铁站;地铁站,31.05593869648785,121.75732182963266
惠南东(地铁站),16号线,浦东新区,上海市,交通设施服务;地铁站;地铁站,31.0286057280075,121.78949466465473
书院(地铁站),16号线,浦东新区,上海市,交通设施服务;地铁站;地铁站,30.961561719446994,121.84635792920204
临港大道(地铁站),16号线,浦东新区,上海市,交通设施服务;地铁站;地铁站,30.925885128250492,121.90677020819068
滴水湖(地铁站),16号线,浦东新区,上海市,交通设施服务;地铁站;地铁站,30.90960523828748,121.92549295243795
外高桥保税区南(地铁站),6号线,浦东新区,上海市,交通设施服务;地铁站;地铁站,31.323742073398027,121.59775438513256
外高桥保税区北(地铁站),6号线,浦东新区,上海市,交通设施服务;地铁站;地铁站,31.349954641758472,121.58270955769117
上海儿童医学中心(地铁站),6号线,浦东新区,上海市,交通设施服务;地铁站;地铁站,31.205377555102505,121.5191359667423
九亭(地铁站),9号线,松江区,上海市,交通设施服务;地铁站;地铁站,31.139242321669723,121.31490745056752
松江大学城(地铁站),9号线,松江区,上海市,交通设施服务;地铁站;地铁站,31.056094100121694,121.22816159367324
泗泾(地铁站),9号线,松江区,上海市,交通设施服务;地铁站;地铁站,31.12034928703115,121.25582697780874
佘山(地铁站),9号线,松江区,上海市,交通设施服务;地铁站;地铁站,31.106176787621184,121.22526441972418
洞泾(地铁站),9号线,松江区,上海市,交通设施服务;地铁站;地铁站,31.086583306368073,121.22605363696785
松江新城(地铁站),9号线,松江区,上海市,交通设施服务;地铁站;地铁站,31.032417602613812,121.22632438117306
松江体育中心(地铁站),9号线,松江区,上海市,交通设施服务;地铁站;地铁站,31.018136823204475,121.22613244720176
醉白池(地铁站),9号线,松江区,上海市,交通设施服务;地铁站;地铁站,31.003263711325207,121.22494783929396
松江南站(地铁站),9号线,松江区,上海市,交通设施服务;地铁站;地铁站,30.986967437923486,121.22647329912395
徐泾东(地铁站),(规划)25号线;2号线,青浦区,上海市,交通设施服务;地铁站;地铁站,31.190366611686496,121.29472693709585
沪青平公路(地铁站),(规划)25号线,青浦区,上海市,交通设施服务;地铁站;地铁站,31.175254867318497,121.30438153112289
会卓路(地铁站),(规划)25号线,青浦区,上海市,交通设施服务;地铁站;地铁站,31.182083875847606,121.29950612883755
诸光路(地铁站),17号线,青浦区,上海市,交通设施服务;地铁站;地铁站,31.193685396261216,121.28857409018707
蟠龙路(地铁站),17号线,青浦区,上海市,交通设施服务;地铁站;地铁站,31.188356185821068,121.27420183424555
徐盈路(地铁站),17号线,青浦区,上海市,交通设施服务;地铁站;地铁站,31.18014855180505,121.24955364771868
徐泾北城(地铁站),17号线,青浦区,上海市,交通设施服务;地铁站;地铁站,31.177566027782095,121.237246245884
嘉松中路(地铁站),17号线,青浦区,上海市,交通设施服务;地铁站;地铁站,31.166141818441936,121.21948446058234
赵巷(地铁站),17号线,青浦区,上海市,交通设施服务;地铁站;地铁站,31.163247789463565,121.18780129038566
汇金路(地铁站),17号线,青浦区,上海市,交通设施服务;地铁站;地铁站,31.1631474319823,121.14710681719285
青浦新城(地铁站),17号线,青浦区,上海市,交通设施服务;地铁站;地铁站,31.160815240994424,121.12107266726784
漕盈路(地铁站),17号线,青浦区,上海市,交通设施服务;地铁站;地铁站,31.162341089395497,121.09227840515467
淀山湖大道(地铁站),17号线,青浦区,上海市,交通设施服务;地铁站;地铁站,31.13635357917333,121.07753481217775
朱家角(地铁站),17号线,青浦区,上海市,交通设施服务;地铁站;地铁站,31.10255376521451,121.04445367032285
东方绿舟(地铁站),17号线,青浦区,上海市,交通设施服务;地铁站;地铁站,31.1005796902453,121.01509056209161
西渡(地铁站),5号线,奉贤区,上海市,交通设施服务;地铁站;地铁站,30.991336151447683,121.4278347154449
萧塘(地铁站),5号线,奉贤区,上海市,交通设施服务;地铁站;地铁站,30.967902501757923,121.43726999302625
奉浦大道(地铁站),5号线,奉贤区,上海市,交通设施服务;地铁站;地铁站,30.944096931690446,121.4444148875468
望园路(地铁站),5号线,奉贤区,上海市,交通设施服务;地铁站;地铁站,30.934074925507716,121.47911546536483
环城东路(地铁站),5号线,奉贤区,上海市,交通设施服务;地铁站;地铁站,30.93324825617873,121.45867379317801
金海湖(地铁站),5号线,奉贤区,上海市,交通设施服务;地铁站;地铁站,30.930968075237146,121.4880731484312
奉贤新城(地铁站),5号线,奉贤区,上海市,交通设施服务;地铁站;地铁站,30.916099206818938,121.49187195751408
